Fan nomi (uz, ru);Savol;JT;Javob1;Javob2;Javob3;Javob4;;;;;;;;;;;;;;;;;;;;;;;;;;;;;;;;;;;;;;;;;;;;;;;;;;;;;;;
 fransuz tili (uz);Mettez ? la forme convenable : c'est �.. livre.;0;un;des;une;le;;;;;;;;;;;;;;;;;;;;;;;;;;;;;;;;;;;;;;;;;;;;;;;;;;;;;;;
fransuz tili ;Mettez ? la forme convenable : c'est �.. fleur.;0;une;un;le;des;;;;;;;;;;;;;;;;;;;;;;;;;;;;;;;;;;;;;;;;;;;;;;;;;;;;;;;
fransuz tili ;Mettez ? la forme convenable : c'est �.. femme.;0;une;un;le;des;;;;;;;;;;;;;;;;;;;;;;;;;;;;;;;;;;;;;;;;;;;;;;;;;;;;;;;
fransuz tili ;Mettez ? la forme convenable : c'est �.. fille.;0;une;le;des;un;;;;;;;;;;;;;;;;;;;;;;;;;;;;;;;;;;;;;;;;;;;;;;;;;;;;;;;
fransuz tili ;Mettez ? la forme convenable : c'est �.. gar?on.;0;un;une;des;au;;;;;;;;;;;;;;;;;;;;;;;;;;;;;;;;;;;;;;;;;;;;;;;;;;;;;;;
fransuz tili ;Mettez ? la forme convenable : c'est �.. professeur ;0;un;des;au;du;;;;;;;;;;;;;;;;;;;;;;;;;;;;;;;;;;;;;;;;;;;;;;;;;;;;;;;
fransuz tili ;Mettez ? la forme convenable : Dans la classe il y a �. fille.;0;une;un;des;au;;;;;;;;;;;;;;;;;;;;;;;;;;;;;;;;;;;;;;;;;;;;;;;;;;;;;;;
fransuz tili ;Mettez ? la forme convenable : dans la classe il y a �. fleurs;0;des;une;une;des;;;;;;;;;;;;;;;;;;;;;;;;;;;;;;;;;;;;;;;;;;;;;;;;;;;;;;;
fransuz tili ;Mettez ? la forme convenable : Dans la classe il y a �. professeur.;0;un;une;des;de ;;;;;;;;;;;;;;;;;;;;;;;;;;;;;;;;;;;;;;;;;;;;;;;;;;;;;;;
fransuz tili ;Mettez ? la forme convenable : Dans la classe il ya �.. garcons.;0;des;de;un ;une;;;;;;;;;;;;;;;;;;;;;;;;;;;;;;;;;;;;;;;;;;;;;;;;;;;;;;;
fransuz tili ;Mettez ? la forme convenable : Dans la classe il ya �.. filles.;0;une;des;un;au;;;;;;;;;;;;;;;;;;;;;;;;;;;;;;;;;;;;;;;;;;;;;;;;;;;;;;;
fransuz tili ;Mettez ? la forme convenable : Dans la classe il ya �..  livres;0;des;un;une;de;;;;;;;;;;;;;;;;;;;;;;;;;;;;;;;;;;;;;;;;;;;;;;;;;;;;;;;
fransuz tili ;Mettez ? la forme convenable : Dans la classe il ya �.. chaises.;0;des;une;de ;un;;;;;;;;;;;;;;;;;;;;;;;;;;;;;;;;;;;;;;;;;;;;;;;;;;;;;;;
fransuz tili ;Mettez ? la forme convenable : Dans la classe il ya �.. table.;0;une;de;un;de;;;;;;;;;;;;;;;;;;;;;;;;;;;;;;;;;;;;;;;;;;;;;;;;;;;;;;;
fransuz tili ;Mettez ? la forme convenable : Dans la classe il ya �.. fenetres.;0;des;un;une;de;;;;;;;;;;;;;;;;;;;;;;;;;;;;;;;;;;;;;;;;;;;;;;;;;;;;;;;
fransuz tili ;Mettez ? la forme convenable : Dans la classe il ya �..  homme.;0;un;une;le;des;;;;;;;;;;;;;;;;;;;;;;;;;;;;;;;;;;;;;;;;;;;;;;;;;;;;;;;
fransuz tili ;Mettez ? la forme convenable : J'aime �.. livre.;0;mon;ma;la;ton;;;;;;;;;;;;;;;;;;;;;;;;;;;;;;;;;;;;;;;;;;;;;;;;;;;;;;;
fransuz tili ;Mettez ? la forme convenable : J'aime �.. pere.;0;mon;ma;mes;leurs;;;;;;;;;;;;;;;;;;;;;;;;;;;;;;;;;;;;;;;;;;;;;;;;;;;;;;;
fransuz tili ;Mettez ? la forme convenable : J'aime �.. frere.;0;mon;ma;mes;la;;;;;;;;;;;;;;;;;;;;;;;;;;;;;;;;;;;;;;;;;;;;;;;;;;;;;;;
fransuz tili ;Mettez ? la forme convenable : J'aime �.. fleur.;0;la;la;leurs;mes;;;;;;;;;;;;;;;;;;;;;;;;;;;;;;;;;;;;;;;;;;;;;;;;;;;;;;;
fransuz tili ;Mettez ? la forme convenable : J'aime �.. soeurs.;0;mes;ma;mon;ton;;;;;;;;;;;;;;;;;;;;;;;;;;;;;;;;;;;;;;;;;;;;;;;;;;;;;;;
fransuz tili ;Mettez ? la forme convenable : J'aime �.. oncle.;0;mon;ma;la;mes;;;;;;;;;;;;;;;;;;;;;;;;;;;;;;;;;;;;;;;;;;;;;;;;;;;;;;;
fransuz tili ;Mettez ? la forme convenable : J'aime �.. grand-pere.;0;mon;mes;leurs;la;;;;;;;;;;;;;;;;;;;;;;;;;;;;;;;;;;;;;;;;;;;;;;;;;;;;;;;
fransuz tili ;Mettez ? la forme convenable : J'aime �.. grande-mere.;0;ma;mon;mes;leurs;;;;;;;;;;;;;;;;;;;;;;;;;;;;;;;;;;;;;;;;;;;;;;;;;;;;;;;
fransuz tili ;Mettez ? la forme convenable : J'adore �.. fleur.;0;la;les;mes;le;;;;;;;;;;;;;;;;;;;;;;;;;;;;;;;;;;;;;;;;;;;;;;;;;;;;;;;
fransuz tili ;Mettez ? la forme convenable : J'adore �.. soeurs.;0;mes;leur;mon;ma;;;;;;;;;;;;;;;;;;;;;;;;;;;;;;;;;;;;;;;;;;;;;;;;;;;;;;;
fransuz tili ;Mettez ? la forme convenable : J'adore �.. livre.;0;le;la;un;une;;;;;;;;;;;;;;;;;;;;;;;;;;;;;;;;;;;;;;;;;;;;;;;;;;;;;;;
fransuz tili ;Mettez ? la forme convenable : J'adore �..frere;0;mon;ma;leurs;tes;;;;;;;;;;;;;;;;;;;;;;;;;;;;;;;;;;;;;;;;;;;;;;;;;;;;;;;
fransuz tili ;Mettez ? la forme convenable : J'adore �..freres.;0;mes;mon;ma;leurs;;;;;;;;;;;;;;;;;;;;;;;;;;;;;;;;;;;;;;;;;;;;;;;;;;;;;;;
fransuz tili ;Mettez ? la forme convenable : J'adore �.. fleurs;0;les;mon;ma;le;;;;;;;;;;;;;;;;;;;;;;;;;;;;;;;;;;;;;;;;;;;;;;;;;;;;;;;
fransuz tili ;Mettez ? la forme convenable : J'adore �.. soeure.;0;ma;mon;mes;les;;;;;;;;;;;;;;;;;;;;;;;;;;;;;;;;;;;;;;;;;;;;;;;;;;;;;;;
fransuz tili ;Mettez ? la forme convenable : J'adore �.. soeurs.;0;tes;ta;ton;sa;;;;;;;;;;;;;;;;;;;;;;;;;;;;;;;;;;;;;;;;;;;;;;;;;;;;;;;
fransuz tili ;Mettez ? la forme convenable : J'adore �.. grande-mere;0;ma;mon;mes;ton;;;;;;;;;;;;;;;;;;;;;;;;;;;;;;;;;;;;;;;;;;;;;;;;;;;;;;;
fransuz tili ;Mettez ? la forme convenable : J'adore �.. oncle.;0;mon;ma;ta;de;;;;;;;;;;;;;;;;;;;;;;;;;;;;;;;;;;;;;;;;;;;;;;;;;;;;;;;
fransuz tili ;Mettez ? la forme convenable : J'adore �.. etudiants.;0;mes;mon;ma;ton;;;;;;;;;;;;;;;;;;;;;;;;;;;;;;;;;;;;;;;;;;;;;;;;;;;;;;;
fransuz tili ;Mettez ? la forme convenable : J'adore �.. professeurs.;0;mes;mon;ma;ta;;;;;;;;;;;;;;;;;;;;;;;;;;;;;;;;;;;;;;;;;;;;;;;;;;;;;;;
fransuz tili ;Mettez ? la forme convenable : J'adore �.. stylos.;0;les;le;la;un;;;;;;;;;;;;;;;;;;;;;;;;;;;;;;;;;;;;;;;;;;;;;;;;;;;;;;;
fransuz tili ;Mettez ? la forme convenable : J'adore �.. stylos.;0;mes;ma;mon;ta;;;;;;;;;;;;;;;;;;;;;;;;;;;;;;;;;;;;;;;;;;;;;;;;;;;;;;;
fransuz tili ;Mettez ? la forme convenable : J'adore �.. stylo. ;0;le;les;tes;leurs;;;;;;;;;;;;;;;;;;;;;;;;;;;;;;;;;;;;;;;;;;;;;;;;;;;;;;;
fransuz tili ;Mettez ? la forme convenable : Sur la table il y a �.. livres.;0;des;ton;sa;son;;;;;;;;;;;;;;;;;;;;;;;;;;;;;;;;;;;;;;;;;;;;;;;;;;;;;;;
fransuz tili ;Mettez ? la forme convenable : Sur la table il y a �.. cahiers.;0;tes;ton;ta;son;;;;;;;;;;;;;;;;;;;;;;;;;;;;;;;;;;;;;;;;;;;;;;;;;;;;;;;
fransuz tili ;Mettez ? la forme convenable : Sur la table il y a �.. livre.;0;un;tes;les;sez;;;;;;;;;;;;;;;;;;;;;;;;;;;;;;;;;;;;;;;;;;;;;;;;;;;;;;;
fransuz tili ;Mettez ? la forme convenable : Sur la table il y a �.. livres.;0;mes;mon;ma;ton;;;;;;;;;;;;;;;;;;;;;;;;;;;;;;;;;;;;;;;;;;;;;;;;;;;;;;;
fransuz tili ;Mettez ? la forme convenable : Sur la table il y a �.. crayons.;0;mes;mon;ta;son;;;;;;;;;;;;;;;;;;;;;;;;;;;;;;;;;;;;;;;;;;;;;;;;;;;;;;;
fransuz tili ;Mettez ? la forme convenable : Sur la table il y a �.. crayons.;0;tes;ton;sa;ta;;;;;;;;;;;;;;;;;;;;;;;;;;;;;;;;;;;;;;;;;;;;;;;;;;;;;;;
fransuz tili ;Mettez ? la forme convenable : Sur la table il y a �.. crayons.;0;ses;son;sa;ton;;;;;;;;;;;;;;;;;;;;;;;;;;;;;;;;;;;;;;;;;;;;;;;;;;;;;;;
fransuz tili ;Mettez ? la forme convenable : Sur la table il y a �.. crayons.;0;leurs;son;mon;ta;;;;;;;;;;;;;;;;;;;;;;;;;;;;;;;;;;;;;;;;;;;;;;;;;;;;;;;
fransuz tili ;Mettez ? la forme convenable : Sur la table il y a �.. portable.;0;mon;mes;leurs;ses;;;;;;;;;;;;;;;;;;;;;;;;;;;;;;;;;;;;;;;;;;;;;;;;;;;;;;;
fransuz tili ;Mettez ? la forme convenable : Sur la table il y a �.. portable.;0;ton;tes;leurs;ses;;;;;;;;;;;;;;;;;;;;;;;;;;;;;;;;;;;;;;;;;;;;;;;;;;;;;;;
fransuz tili ;Mettez ? la forme convenable : Sur la table il y a �.. portable.;0;son;ses;tes;mes;;;;;;;;;;;;;;;;;;;;;;;;;;;;;;;;;;;;;;;;;;;;;;;;;;;;;;;
fransuz tili ;Mettez ? la forme convenable : Sur la table il y a �.. fleurs.;0;leurs;mon;sa;ton;;;;;;;;;;;;;;;;;;;;;;;;;;;;;;;;;;;;;;;;;;;;;;;;;;;;;;;
fransuz tili ;Mettez ? la forme convenable : J'ai �. soeur.;0;une;un;le;des;;;;;;;;;;;;;;;;;;;;;;;;;;;;;;;;;;;;;;;;;;;;;;;;;;;;;;;
fransuz tili ;Mettez ? la forme convenable : J'ai �. frere. ;0;un;une;des;du;;;;;;;;;;;;;;;;;;;;;;;;;;;;;;;;;;;;;;;;;;;;;;;;;;;;;;;
fransuz tili ;Mettez ? la forme convenable : J'ai �. soeurs.;0;des;un;une;du;;;;;;;;;;;;;;;;;;;;;;;;;;;;;;;;;;;;;;;;;;;;;;;;;;;;;;;
fransuz tili ;Mettez ? la forme convenable : J'ai �. freres.;0;des;un;du;une;;;;;;;;;;;;;;;;;;;;;;;;;;;;;;;;;;;;;;;;;;;;;;;;;;;;;;;
fransuz tili ;Mettez ? la forme convenable : tu as �. freres.;0;des;du;un;une;;;;;;;;;;;;;;;;;;;;;;;;;;;;;;;;;;;;;;;;;;;;;;;;;;;;;;;
fransuz tili ;Mettez ? la forme convenable : tu as �. soeurs.;0;des;une;du;un;;;;;;;;;;;;;;;;;;;;;;;;;;;;;;;;;;;;;;;;;;;;;;;;;;;;;;;
fransuz tili ;Mettez ? la forme convenable : tu as �. frere.;0;un;une;des;du;;;;;;;;;;;;;;;;;;;;;;;;;;;;;;;;;;;;;;;;;;;;;;;;;;;;;;;
fransuz tili ;Mettez ? la forme convenable : tu as �. soeur.;0;une;un;des;du;;;;;;;;;;;;;;;;;;;;;;;;;;;;;;;;;;;;;;;;;;;;;;;;;;;;;;;
;Mettez ? la forme convenable : tu as �. mere.;0;une ;un;des;du;;;;;;;;;;;;;;;;;;;;;;;;;;;;;;;;;;;;;;;;;;;;;;;;;;;;;;;
;Mettez ? la forme convenable : tu as �. pere.;0;un;une;du;des;;;;;;;;;;;;;;;;;;;;;;;;;;;;;;;;;;;;;;;;;;;;;;;;;;;;;;;
;Mettez ? la forme convenable : tu as �. ami.;0;un;une;des;un;;;;;;;;;;;;;;;;;;;;;;;;;;;;;;;;;;;;;;;;;;;;;;;;;;;;;;;
;Mettez ? la forme convenable : tu as  �. amie.;0;une;un;des;du;;;;;;;;;;;;;;;;;;;;;;;;;;;;;;;;;;;;;;;;;;;;;;;;;;;;;;;
;Mettez ? la forme convenable : il a �. freres.;0;des;du;un;une;;;;;;;;;;;;;;;;;;;;;;;;;;;;;;;;;;;;;;;;;;;;;;;;;;;;;;;
;Mettez ? la forme convenable : il a �. soeurs.;0;des;une ;un;du;;;;;;;;;;;;;;;;;;;;;;;;;;;;;;;;;;;;;;;;;;;;;;;;;;;;;;;
;Mettez ? la forme convenable : il a �. ami.;0;un;une;des;du;;;;;;;;;;;;;;;;;;;;;;;;;;;;;;;;;;;;;;;;;;;;;;;;;;;;;;;
;Mettez ? la forme convenable : il a �. amie.;0;une;un;des;le;;;;;;;;;;;;;;;;;;;;;;;;;;;;;;;;;;;;;;;;;;;;;;;;;;;;;;;
;Mettez ? la forme convenable : il a �. frere.;0;un;des;une;de;;;;;;;;;;;;;;;;;;;;;;;;;;;;;;;;;;;;;;;;;;;;;;;;;;;;;;;
; Mettez ? la forme convenable : il a �. amis.;0;des;un;une;de;;;;;;;;;;;;;;;;;;;;;;;;;;;;;;;;;;;;;;;;;;;;;;;;;;;;;;;
;Mettez ? la forme convenable : il a �.. soeur.;0;une;un;des;au;;;;;;;;;;;;;;;;;;;;;;;;;;;;;;;;;;;;;;;;;;;;;;;;;;;;;;;
;Mettez ? la forme convenable : Nous avons �� grande maison.;0;une;un;le;au;;;;;;;;;;;;;;;;;;;;;;;;;;;;;;;;;;;;;;;;;;;;;;;;;;;;;;;
;Mettez ? la forme convenable : vous avez �.. ami ?;0;un;une;la ;de;;;;;;;;;;;;;;;;;;;;;;;;;;;;;;;;;;;;;;;;;;;;;;;;;;;;;;;
;Mettez ? la forme convenable : vous avez �.. amie?;0;une;un;des;de;;;;;;;;;;;;;;;;;;;;;;;;;;;;;;;;;;;;;;;;;;;;;;;;;;;;;;;
;Mettez ? la forme convenable : vous avez �.. freres.;0;des;un;une;de;;;;;;;;;;;;;;;;;;;;;;;;;;;;;;;;;;;;;;;;;;;;;;;;;;;;;;;
;Mettez ? la forme convenable : vous avez �.. soeurs.;0;des;un;une;le;;;;;;;;;;;;;;;;;;;;;;;;;;;;;;;;;;;;;;;;;;;;;;;;;;;;;;;
;Mettez ? la forme convenable : vous avez �.. soeur.;0;une;un;des;le;;;;;;;;;;;;;;;;;;;;;;;;;;;;;;;;;;;;;;;;;;;;;;;;;;;;;;;
;Choisissez la bonne r?ponse: Vous avez �. amis.;0;des;un;une;le;;;;;;;;;;;;;;;;;;;;;;;;;;;;;;;;;;;;;;;;;;;;;;;;;;;;;;;
;Choisissez la bonne r?ponse: Vous avez �. livre.;0;un;des;les;aux;;;;;;;;;;;;;;;;;;;;;;;;;;;;;;;;;;;;;;;;;;;;;;;;;;;;;;;
;Choisissez la bonne r?ponse: Vous avez �. livres.;0;des;le;un;une;;;;;;;;;;;;;;;;;;;;;;;;;;;;;;;;;;;;;;;;;;;;;;;;;;;;;;;
;Choisissez la bonne r?ponse: Vous avez �. fleur.;0;une;le;la ;des;;;;;;;;;;;;;;;;;;;;;;;;;;;;;;;;;;;;;;;;;;;;;;;;;;;;;;;
;Choisissez la bonne r?ponse: Vous avez �. fleurs.;0;des;une;le;la;;;;;;;;;;;;;;;;;;;;;;;;;;;;;;;;;;;;;;;;;;;;;;;;;;;;;;;
;Choisissez la bonne r?ponse: Vous �.. une maison.;0;avez;as;avons;ai;;;;;;;;;;;;;;;;;;;;;;;;;;;;;;;;;;;;;;;;;;;;;;;;;;;;;;;
;Choisissez la bonne r?ponse: Tu �.  un  livre.;0;as;avez;avons;ai;;;;;;;;;;;;;;;;;;;;;;;;;;;;;;;;;;;;;;;;;;;;;;;;;;;;;;;
;Choisissez la bonne r?ponse: J'  �. un ami.;0;ai;as;avons;a;;;;;;;;;;;;;;;;;;;;;;;;;;;;;;;;;;;;;;;;;;;;;;;;;;;;;;;
;Choisissez la bonne r?ponse: il �. un  livre.;0;a;as;ai;avons;;;;;;;;;;;;;;;;;;;;;;;;;;;;;;;;;;;;;;;;;;;;;;;;;;;;;;;
;Choisissez la bonne r?ponse: elle �. une fleur.;0;a;as;ai;avons;;;;;;;;;;;;;;;;;;;;;;;;;;;;;;;;;;;;;;;;;;;;;;;;;;;;;;;
;Choisissez la bonne r?ponse: Nous  �. des questions.;0;avons;avez;as;ai;;;;;;;;;;;;;;;;;;;;;;;;;;;;;;;;;;;;;;;;;;;;;;;;;;;;;;;
;Choisissez la bonne r?ponse: mon ami �. 22 ans;0;a;ai;as;avons;;;;;;;;;;;;;;;;;;;;;;;;;;;;;;;;;;;;;;;;;;;;;;;;;;;;;;;
;Choisissez la bonne r?ponse: moi et mon ami �.  20 ans;0;avons;avez;ont;as;;;;;;;;;;;;;;;;;;;;;;;;;;;;;;;;;;;;;;;;;;;;;;;;;;;;;;;
;Choisissez la bonne r?ponse: Bakhtiyor et Nozima �. 21 ans;0;ont;avez;avons;sont;;;;;;;;;;;;;;;;;;;;;;;;;;;;;;;;;;;;;;;;;;;;;;;;;;;;;;;
;Choisissez la bonne r?ponse: Nicole et Cathrine �. 21 ans. ;0;ont;a;as;ai;;;;;;;;;;;;;;;;;;;;;;;;;;;;;;;;;;;;;;;;;;;;;;;;;;;;;;;
;Choisissez la bonne r?ponse: Vous  �. du temps pour apprendre le francais;0;avez;avons;ont;as;;;;;;;;;;;;;;;;;;;;;;;;;;;;;;;;;;;;;;;;;;;;;;;;;;;;;;;
;Choisissez la bonne r?ponse: mon pere �.  44 ans.;0;a;as;ai;ont;;;;;;;;;;;;;;;;;;;;;;;;;;;;;;;;;;;;;;;;;;;;;;;;;;;;;;;
;Choisissez la bonne r?ponse: Je  �. etudiant.;0;suis;es;est;sont;;;;;;;;;;;;;;;;;;;;;;;;;;;;;;;;;;;;;;;;;;;;;;;;;;;;;;;
;Choisissez la bonne r?ponse: Je  �. ouzbek.;0;suis;es;est;sommes;;;;;;;;;;;;;;;;;;;;;;;;;;;;;;;;;;;;;;;;;;;;;;;;;;;;;;;
;Choisissez la bonne r?ponse: Tu �.  russe.;0;es;est;suis;sont;;;;;;;;;;;;;;;;;;;;;;;;;;;;;;;;;;;;;;;;;;;;;;;;;;;;;;;
;Choisissez la bonne r?ponse: il �. americain.;0;est;es;suis;sont;;;;;;;;;;;;;;;;;;;;;;;;;;;;;;;;;;;;;;;;;;;;;;;;;;;;;;;
;Choisissez la bonne r?ponse: elle �. japonaise;0;est;suis;es;sommes;;;;;;;;;;;;;;;;;;;;;;;;;;;;;;;;;;;;;;;;;;;;;;;;;;;;;;;
;Choisissez la bonne r?ponse: mon pere �.  ing?nieur.;0;est;es;sont;suis;;;;;;;;;;;;;;;;;;;;;;;;;;;;;;;;;;;;;;;;;;;;;;;;;;;;;;;
;Choisissez la bonne r?ponse: Chaque jour je vais �. Universit?.;0;? l';au;de la;du;;;;;;;;;;;;;;;;;;;;;;;;;;;;;;;;;;;;;;;;;;;;;;;;;;;;;;;
;Choisissez la bonne r?ponse: Chaque hiver avec mes amis, nous allons �. Montagnes;0;aux;au;du;de la;;;;;;;;;;;;;;;;;;;;;;;;;;;;;;;;;;;;;;;;;;;;;;;;;;;;;;;
;Choisissez la bonne r?ponse: Tu va �.. mus?e.;0;au;? la;aux;du;;;;;;;;;;;;;;;;;;;;;;;;;;;;;;;;;;;;;;;;;;;;;;;;;;;;;;;
;Choisissez la bonne r?ponse:  Il va �. place.;0;? la;au;aux;du;;;;;;;;;;;;;;;;;;;;;;;;;;;;;;;;;;;;;;;;;;;;;;;;;;;;;;;
;Choisissez la bonne r?ponse: Chaque dimanche elle va �. cin?ma.;0;au;? la;aux;de la;;;;;;;;;;;;;;;;;;;;;;;;;;;;;;;;;;;;;;;;;;;;;;;;;;;;;;;
;Choisissez la bonne r?ponse: En ?t? nous allons �. campagne(n.f.);0;? la;au;aux;du;;;;;;;;;;;;;;;;;;;;;;;;;;;;;;;;;;;;;;;;;;;;;;;;;;;;;;;
;Choisissez la bonne r?ponse: Est-ce que vous allez �.. cin?ma ?;0;au;aux;? la;?;;;;;;;;;;;;;;;;;;;;;;;;;;;;;;;;;;;;;;;;;;;;;;;;;;;;;;;
;Choisissez la bonne r?ponse: Je viens �.. mus?e.;0;du;de la;des;de;;;;;;;;;;;;;;;;;;;;;;;;;;;;;;;;;;;;;;;;;;;;;;;;;;;;;;;
;Choisissez la bonne r?ponse: je viens �.. maison.(n.f.);0;de la;du;des;de;;;;;;;;;;;;;;;;;;;;;;;;;;;;;;;;;;;;;;;;;;;;;;;;;;;;;;;
;Choisissez la bonne r?ponse: je viens �. mongtagnes.;0;des;du;de la;de;;;;;;;;;;;;;;;;;;;;;;;;;;;;;;;;;;;;;;;;;;;;;;;;;;;;;;;
;Choisissez la bonne r?ponse: tu � du  mus?e.;0;viens;vient;venons;venez;;;;;;;;;;;;;;;;;;;;;;;;;;;;;;;;;;;;;;;;;;;;;;;;;;;;;;;
;Choisissez la bonne r?ponse: il � de la maison.;0;vient;viens;venons;venez;;;;;;;;;;;;;;;;;;;;;;;;;;;;;;;;;;;;;;;;;;;;;;;;;;;;;;;
;Choisissez la bonne r?ponse: elle  � de la montagne;0;vient;vien;venons;venez;;;;;;;;;;;;;;;;;;;;;;;;;;;;;;;;;;;;;;;;;;;;;;;;;;;;;;;
;Choisissez la bonne r?ponse: nous � de la maison.;0;venons;venez;vient;viens;;;;;;;;;;;;;;;;;;;;;;;;;;;;;;;;;;;;;;;;;;;;;;;;;;;;;;;
;Choisissez la bonne r?ponse: vous � de l'Universit?.;0;venez;vient;viens;venons;;;;;;;;;;;;;;;;;;;;;;;;;;;;;;;;;;;;;;;;;;;;;;;;;;;;;;;
;Choisissez la bonne r?ponse: Ils � de l'Institut.;0;viennent;venons;venez;viens;;;;;;;;;;;;;;;;;;;;;;;;;;;;;;;;;;;;;;;;;;;;;;;;;;;;;;;
;Choisissez la bonne r?ponse: Elles � du mus?e.;0;viennent;venez;vient;viens;;;;;;;;;;;;;;;;;;;;;;;;;;;;;;;;;;;;;;;;;;;;;;;;;;;;;;;
;Choisissez la bonne r?ponse: Bonjour je �.. Antoin.;0;m'appelle;t'appelles;s'appelle;nous appellons;;;;;;;;;;;;;;;;;;;;;;;;;;;;;;;;;;;;;;;;;;;;;;;;;;;;;;;
;Choisissez la bonne r?ponse: Bonjour,  � m'appelle Antoin.;0;je;tu;il;elle;;;;;;;;;;;;;;;;;;;;;;;;;;;;;;;;;;;;;;;;;;;;;;;;;;;;;;;
;Choisissez la bonne r?ponse: Toi, tu � Nicolas ?;0;t'appelles;m'appelle;s'appelle;nous appellons;;;;;;;;;;;;;;;;;;;;;;;;;;;;;;;;;;;;;;;;;;;;;;;;;;;;;;;
;Choisissez la bonne r?ponse: comment elle � ? Cathrenne ?;0;s'appelle;m'appelle;t'appelle;nous appellons;;;;;;;;;;;;;;;;;;;;;;;;;;;;;;;;;;;;;;;;;;;;;;;;;;;;;;;
;Choisissez la bonne r?ponse: Ah, � s'appelle Natalie.;0;elle;il;tu;je;;;;;;;;;;;;;;;;;;;;;;;;;;;;;;;;;;;;;;;;;;;;;;;;;;;;;;;
;Choisissez la bonne r?ponse: � t'appelles Karim.;0;tu;je;il;elle;;;;;;;;;;;;;;;;;;;;;;;;;;;;;;;;;;;;;;;;;;;;;;;;;;;;;;;
;Choisissez la bonne r?ponse: C'est mon ami Nicolas. Il est � .;0;francais;francaise;francaises;chinois;;;;;;;;;;;;;;;;;;;;;;;;;;;;;;;;;;;;;;;;;;;;;;;;;;;;;;;
;Choisissez la bonne r?ponse: C'est mon ami Natalie. Elle est � .;0;francaise;francais;francaises;chinois;;;;;;;;;;;;;;;;;;;;;;;;;;;;;;;;;;;;;;;;;;;;;;;;;;;;;;;
;Choisissez la bonne r?ponse: Ce sont mes amis. Ils viennent de France. Ils sont � .;0;francais;francaise;francaises;chinois;;;;;;;;;;;;;;;;;;;;;;;;;;;;;;;;;;;;;;;;;;;;;;;;;;;;;;;
;Choisissez la bonne r?ponse: Ce sont mes amies. Elles viennent de France. Elles sont � .;0;francaises;francais;francaise;chinois;;;;;;;;;;;;;;;;;;;;;;;;;;;;;;;;;;;;;;;;;;;;;;;;;;;;;;;
;Choisissez la bonne r?ponse: C'est mon ami James. Il vient des Etats-Unis. Il est � .;0;americain;americaine;americainne;chinois;;;;;;;;;;;;;;;;;;;;;;;;;;;;;;;;;;;;;;;;;;;;;;;;;;;;;;;
;"Choisissez la bonne r?ponse: C""est mon amie Yoko. Elle  vient de Japon.";0;japonaise;japonais;americainne;allemande;;;;;;;;;;;;;;;;;;;;;;;;;;;;;;;;;;;;;;;;;;;;;;;;;;;;;;;
;Choisissez la bonne r?ponse: C'est Fatima Chaibi. Elle est � .;0;tunisienne;tunisien;japonais;allemand;;;;;;;;;;;;;;;;;;;;;;;;;;;;;;;;;;;;;;;;;;;;;;;;;;;;;;;
;Choisissez la bonne r?ponse: C'est monsieur Sergui. Il vient de Russie. Il est � .;0;russe;allemande;japonais;chinois;;;;;;;;;;;;;;;;;;;;;;;;;;;;;;;;;;;;;;;;;;;;;;;;;;;;;;;
;Choisissez la bonne r?ponse: C'est madamme Galina. Elle vient de Russie. Elle est � .;0;russe;allemande;japonais;chinois;;;;;;;;;;;;;;;;;;;;;;;;;;;;;;;;;;;;;;;;;;;;;;;;;;;;;;;
;Choisissez la bonne r?ponse:  Je m'appelle Qui Yong. Je vient de Chine. Je suis � .;0;chinois;allemande;japonais;russe;;;;;;;;;;;;;;;;;;;;;;;;;;;;;;;;;;;;;;;;;;;;;;;;;;;;;;;
;Choisissez la bonne r?ponse: C'est ma collegue Pierrette Legrand. Elle est � .;0;francaise;francais;japonais;allemand;;;;;;;;;;;;;;;;;;;;;;;;;;;;;;;;;;;;;;;;;;;;;;;;;;;;;;;
;Choisissez la bonne r?ponse: C'est mon ami Franz Muller. Il vient d'Allemand. Il est � .;0;autrichien;autrichienne;japonais;russe;;;;;;;;;;;;;;;;;;;;;;;;;;;;;;;;;;;;;;;;;;;;;;;;;;;;;;;
;Choisissez la bonne r?ponse: C'est ma collegue Sofia. Elle est � .;0;americainne;americain;japonais;allemand;;;;;;;;;;;;;;;;;;;;;;;;;;;;;;;;;;;;;;;;;;;;;;;;;;;;;;;
;Choisissez la bonne r?ponse:  1997;0;mille neuf cent quatre vingt dix neuf;mille neuf cent quatre vingt neuf; neuf cent quatre vingt dix neuf;dix neuf cent quatre vingt dix neuf;;;;;;;;;;;;;;;;;;;;;;;;;;;;;;;;;;;;;;;;;;;;;;;;;;;;;;;
;Choisissez la bonne r?ponse: 17;0;dix-sept;diz- sept;septieme;sept-dix;;;;;;;;;;;;;;;;;;;;;;;;;;;;;;;;;;;;;;;;;;;;;;;;;;;;;;;
;Choisissez la bonne r?ponse: 39;0;trente neuf;trent-neuf;tois neuf;treiz neuf;;;;;;;;;;;;;;;;;;;;;;;;;;;;;;;;;;;;;;;;;;;;;;;;;;;;;;;
;Choisissez la bonne r?ponse: 44;0;quarante quatre;quatorze;quatorze qautre;quarante;;;;;;;;;;;;;;;;;;;;;;;;;;;;;;;;;;;;;;;;;;;;;;;;;;;;;;;
;Choisissez la bonne r?ponse: 194;0;cent quatre vingt quatorze;diz neuf quatre;cent neuf quatre;quatre vingt quatre;;;;;;;;;;;;;;;;;;;;;;;;;;;;;;;;;;;;;;;;;;;;;;;;;;;;;;;
;Choisissez la bonne r?ponse: dix neuf mille trois cent soixante seize.;0;19376;19316;1936016;190306016;;;;;;;;;;;;;;;;;;;;;;;;;;;;;;;;;;;;;;;;;;;;;;;;;;;;;;;
;Choisissez la bonne r?ponse: 98;0;quatre vingt dix-huit;neuf huit;quatre vingt huit;vingt huit;;;;;;;;;;;;;;;;;;;;;;;;;;;;;;;;;;;;;;;;;;;;;;;;;;;;;;;
;Choisissez la bonne r?ponse: trois cent soixante dix sept;0;377;367;316;317;;;;;;;;;;;;;;;;;;;;;;;;;;;;;;;;;;;;;;;;;;;;;;;;;;;;;;;
;Choisissez la bonne r?ponse: neuf mille neuf cent neuf;0;9909;9999;9919;9199;;;;;;;;;;;;;;;;;;;;;;;;;;;;;;;;;;;;;;;;;;;;;;;;;;;;;;;
;Choisissez la bonne r?ponse: dix sept mille sept cent soixante dix sept;0;17777;17767;17717;71767;;;;;;;;;;;;;;;;;;;;;;;;;;;;;;;;;;;;;;;;;;;;;;;;;;;;;;;
;Choisissez la bonne r?ponse: trente neuf;0;39;309;3,9;139;;;;;;;;;;;;;;;;;;;;;;;;;;;;;;;;;;;;;;;;;;;;;;;;;;;;;;;
;Choisissez la bonne r?ponse: soixante quinze;0;75;6015;65;655;;;;;;;;;;;;;;;;;;;;;;;;;;;;;;;;;;;;;;;;;;;;;;;;;;;;;;;
;Choisissez la bonne r?ponse:cinquante cinq mille cinq cent cinquante quinze;0;55515;5515;5055015;55555;;;;;;;;;;;;;;;;;;;;;;;;;;;;;;;;;;;;;;;;;;;;;;;;;;;;;;;
;Choisissez la bonne r?ponse: mon ami est francais. Il parle � .;0;francais;allemand;russe;espagnol;;;;;;;;;;;;;;;;;;;;;;;;;;;;;;;;;;;;;;;;;;;;;;;;;;;;;;;
;Choisissez la bonne r?ponse: c'est un garcon est anglais. Il parle � .;0;anglais;allemand;russe;espagnol;;;;;;;;;;;;;;;;;;;;;;;;;;;;;;;;;;;;;;;;;;;;;;;;;;;;;;;
;Choisissez la bonne r?ponse: cette femme est allemande. Elle parle � .;0;allemand;francais;russe;espagnol;;;;;;;;;;;;;;;;;;;;;;;;;;;;;;;;;;;;;;;;;;;;;;;;;;;;;;;
;Choisissez la bonne r?ponse: Andrie est russe. Il parle � .;0;russe;allemand;francais;anglais;;;;;;;;;;;;;;;;;;;;;;;;;;;;;;;;;;;;;;;;;;;;;;;;;;;;;;;
;Choisissez la bonne r?ponse: Qiu Yong  est chinois. Il parle en � .;0;chinois;francais;espagnole;russe;;;;;;;;;;;;;;;;;;;;;;;;;;;;;;;;;;;;;;;;;;;;;;;;;;;;;;;
;Choisissez la bonne r?ponse: Sandra est espagnole. Elle parle  � .;0;espagnol;russe;chinois;anglais;;;;;;;;;;;;;;;;;;;;;;;;;;;;;;;;;;;;;;;;;;;;;;;;;;;;;;;
;Choisissez la bonne r?ponse: � femme (n.f.) est tr?s belle.;0;cette;cet;ce;ces;;;;;;;;;;;;;;;;;;;;;;;;;;;;;;;;;;;;;;;;;;;;;;;;;;;;;;;
;Choisissez la bonne r?ponse: � fille (n.f.) est tr?s intellegente.;0;cette;ce;cet;ces;;;;;;;;;;;;;;;;;;;;;;;;;;;;;;;;;;;;;;;;;;;;;;;;;;;;;;;
;Choisissez la bonne r?ponse: � gar?on(n.m.) est tr?s fort.;0;ce;cette;cet;ces;;;;;;;;;;;;;;;;;;;;;;;;;;;;;;;;;;;;;;;;;;;;;;;;;;;;;;;
;Choisissez la bonne r?ponse: � fleur(n.f.) est tr?s belle.;0;cette;ce;ces;cet;;;;;;;;;;;;;;;;;;;;;;;;;;;;;;;;;;;;;;;;;;;;;;;;;;;;;;;
;Choisissez la bonne r?ponse:  � chambre (n.f.) est tr?s claire. ;0;cette;cet;ces;ce;;;;;;;;;;;;;;;;;;;;;;;;;;;;;;;;;;;;;;;;;;;;;;;;;;;;;;;
;Choisissez la bonne r?ponse: � livre (n.m.) est tr?s intressant.;0;ce;cette;cette;ces;;;;;;;;;;;;;;;;;;;;;;;;;;;;;;;;;;;;;;;;;;;;;;;;;;;;;;;
;Choisissez la bonne r?ponse: � homme(n.m.) est sportif.;0;cet;cette;ce;ces;;;;;;;;;;;;;;;;;;;;;;;;;;;;;;;;;;;;;;;;;;;;;;;;;;;;;;;
;Choisissez la bonne r?ponse: � ville (n.f.) est tr?s belle.;0;cette;cet;ce;ces;;;;;;;;;;;;;;;;;;;;;;;;;;;;;;;;;;;;;;;;;;;;;;;;;;;;;;;
;Choisissez la bonne r?ponse: � ?tudiants sonts tr?s intellegents.;0;ces;cette;ce;cet;;;;;;;;;;;;;;;;;;;;;;;;;;;;;;;;;;;;;;;;;;;;;;;;;;;;;;;
;Choisissez la bonne r?ponse: � livres sont grands.;0;ces;ce;cet;cette;;;;;;;;;;;;;;;;;;;;;;;;;;;;;;;;;;;;;;;;;;;;;;;;;;;;;;;
;Choisissez la bonne r?ponse: � fen?tres sont grandes.;0;ces;cette;cet;ce;;;;;;;;;;;;;;;;;;;;;;;;;;;;;;;;;;;;;;;;;;;;;;;;;;;;;;;
;Choisissez la bonne r?ponse: � femmes sont tr?s belle.;0;ces;ce;cet;cette;;;;;;;;;;;;;;;;;;;;;;;;;;;;;;;;;;;;;;;;;;;;;;;;;;;;;;;
;Choisissez la bonne r?ponse: �  maison est grande.;0;notre;tes;leurs;ses;;;;;;;;;;;;;;;;;;;;;;;;;;;;;;;;;;;;;;;;;;;;;;;;;;;;;;;
;Choisissez la bonne r?ponse: � enfants sont intellegents.;0;leurs;mon;ma;le;;;;;;;;;;;;;;;;;;;;;;;;;;;;;;;;;;;;;;;;;;;;;;;;;;;;;;;
;Choisissez la bonne r?ponse: � perents sont bons.;0;nos;ma;mon;sa;;;;;;;;;;;;;;;;;;;;;;;;;;;;;;;;;;;;;;;;;;;;;;;;;;;;;;;
;Choisissez la bonne r?ponse: � professeurs sont gentilles;o;nos;mon;le;son;;;;;;;;;;;;;;;;;;;;;;;;;;;;;;;;;;;;;;;;;;;;;;;;;;;;;;;
;Choisissez la bonne r?ponse: (se promener) Chaque matin ma soeur � dans le jardin. ;0;se promene;me promene;te promenes;nous promenons;;;;;;;;;;;;;;;;;;;;;;;;;;;;;;;;;;;;;;;;;;;;;;;;;;;;;;;
; Choisissez la bonne r?ponse: (s'adresser) vous � au docteur ?;0;vous adressez ;s'adressse;t'adresses;m'adresse;;;;;;;;;;;;;;;;;;;;;;;;;;;;;;;;;;;;;;;;;;;;;;;;;;;;;;;
;Choisissez la bonne r?ponse: se laver. Chaque matin elle � ? 7 h 30.;0;se lave;me lave;nous lavons;te lave;;;;;;;;;;;;;;;;;;;;;;;;;;;;;;;;;;;;;;;;;;;;;;;;;;;;;;;
;Choisissez la bonne r?ponse: ( se brosser) Chaque matin tu � tes dents ?;0;te brosses;se brosse;me brosse;nous brossons;;;;;;;;;;;;;;;;;;;;;;;;;;;;;;;;;;;;;;;;;;;;;;;;;;;;;;;
;Choisissez la bonne r?ponse: (se promener) Nous � dans un grand jardin.;0;nous promenons;vous promenez;se promennent;se promene;;;;;;;;;;;;;;;;;;;;;;;;;;;;;;;;;;;;;;;;;;;;;;;;;;;;;;;
;Choisissez la bonne r?ponse: (se coucher)  Vous � ? quel heur ? ;0;vous couchez;nous couchons;se couchent;me couche;;;;;;;;;;;;;;;;;;;;;;;;;;;;;;;;;;;;;;;;;;;;;;;;;;;;;;;
;Choisissez la bonne r?ponse: (se souvenir) Tout ? coup il � de son enfance.;0;se souviens;me souviens;te souviens;nous souvons;;;;;;;;;;;;;;;;;;;;;;;;;;;;;;;;;;;;;;;;;;;;;;;;;;;;;;;
;Choisissez la bonne r?ponse: (s'adresser) Est ce que tu � au docteur ?;0;t'adresses;s'adressse;m'adresse;nous adressons;;;;;;;;;;;;;;;;;;;;;;;;;;;;;;;;;;;;;;;;;;;;;;;;;;;;;;;
;Choisissez la bonne r?ponse: (se coucher) Tout ? coup il � .;0;se couche;couche;me couche;te couches;;;;;;;;;;;;;;;;;;;;;;;;;;;;;;;;;;;;;;;;;;;;;;;;;;;;;;;
;Choisissez la bonne r?ponse: (se laver) Je � chaque matin ? 6 h 30.;0;me lave;se lave;se couche;me couche;;;;;;;;;;;;;;;;;;;;;;;;;;;;;;;;;;;;;;;;;;;;;;;;;;;;;;;
;Choisissez la bonne r?ponse: (se laver) Tu � ? quel heur ?;0;te laves ;se lave;nous lavons;me couche;;;;;;;;;;;;;;;;;;;;;;;;;;;;;;;;;;;;;;;;;;;;;;;;;;;;;;;
;Choisissez la bonne r?ponse: (se promener) Nicolas � chaque dimanche avec ses amis.;0;se promene;te promenes;me promene;nous promenons;;;;;;;;;;;;;;;;;;;;;;;;;;;;;;;;;;;;;;;;;;;;;;;;;;;;;;;
;Choisissez la bonne r?ponse: (se promener) ? quel heur vous � d'habitude. ;0;vous promenez ;nous promenons;se promennent;me couche;;;;;;;;;;;;;;;;;;;;;;;;;;;;;;;;;;;;;;;;;;;;;;;;;;;;;;;
;Choisissez la bonne r?ponse: (se brosser)  Mon frere � chaque matin.;0;se brosse;te brosses;me brosse;nous brossons;;;;;;;;;;;;;;;;;;;;;;;;;;;;;;;;;;;;;;;;;;;;;;;;;;;;;;;
;Choisissez la bonne r?ponse: ( se laver ) Ah, mmm ! Je � d?ja maman !;0;me lave;se lave;te lave;tu lave;;;;;;;;;;;;;;;;;;;;;;;;;;;;;;;;;;;;;;;;;;;;;;;;;;;;;;;
;Choisissez la bonne r?ponse: (se laver) Tu � tr?s vite !;0;te laves;se lave;me lave;me laves;;;;;;;;;;;;;;;;;;;;;;;;;;;;;;;;;;;;;;;;;;;;;;;;;;;;;;;
;Choisissez la bonne r?ponse:  Elle � tr?s belle ! ;0;danse;danses;dansons;dansez;;;;;;;;;;;;;;;;;;;;;;;;;;;;;;;;;;;;;;;;;;;;;;;;;;;;;;;
;Choisissez la bonne r?ponse:  Mes amis � au foot chaque dimanche.;0;jouent;joue;joues;jouez;;;;;;;;;;;;;;;;;;;;;;;;;;;;;;;;;;;;;;;;;;;;;;;;;;;;;;;
;Choisissez la bonne r?ponse: Chaque dimanche les  etudiants du group BIA 81 � le football. ;0;jouent;joue;joues;jouez;;;;;;;;;;;;;;;;;;;;;;;;;;;;;;;;;;;;;;;;;;;;;;;;;;;;;;;
;Choisissez la bonne r?ponse: Aujourd'hui j' � des cadeaux pour mes parents.;0;achete;achetes;achetons;achetez;;;;;;;;;;;;;;;;;;;;;;;;;;;;;;;;;;;;;;;;;;;;;;;;;;;;;;;
;Choisissez la bonne r?ponse: Chaque soir j' � la chan?on fran?aise.;0;?coute;?coutes;?coutons;?coutez;;;;;;;;;;;;;;;;;;;;;;;;;;;;;;;;;;;;;;;;;;;;;;;;;;;;;;;
;Choisissez la bonne r?ponse:  Ce soir je � le plafe pour mes amis.;0;pr?pare;pr?pares;pr?parons;pr?parez;;;;;;;;;;;;;;;;;;;;;;;;;;;;;;;;;;;;;;;;;;;;;;;;;;;;;;;
;Choisissez la bonne r?ponse: Je � le bonheur et l'amour toujours.;0;chante;chantes;chantons;chantez;;;;;;;;;;;;;;;;;;;;;;;;;;;;;;;;;;;;;;;;;;;;;;;;;;;;;;;
;Choisissez la bonne r?ponse: Monsieur Akhmedov � en fran?ais.;0;parle;parles;parlons;parlez;;;;;;;;;;;;;;;;;;;;;;;;;;;;;;;;;;;;;;;;;;;;;;;;;;;;;;;
;Choisissez la bonne r?ponse:  Nous � les chansons francaises avec notre proffesseur de francais monsieur Akhmedov.;0;chantons;chantez;chante;chantent;;;;;;;;;;;;;;;;;;;;;;;;;;;;;;;;;;;;;;;;;;;;;;;;;;;;;;;
;Choisissez la bonne r?ponse: Nous � les vid?os avec le soustitre en francais pendant le cour francais.;0;regardons;regardez;regarde;regardes;;;;;;;;;;;;;;;;;;;;;;;;;;;;;;;;;;;;;;;;;;;;;;;;;;;;;;;
;Choisissez la bonne r?ponse: Monsieur Akhmedov � les chansons fran?aises aves ses ?tudiants.;0;chante;chantes;chantons;chantez;;;;;;;;;;;;;;;;;;;;;;;;;;;;;;;;;;;;;;;;;;;;;;;;;;;;;;;
;Choisissez la bonne r?ponse: Monsieur Khodiyev � l'annonce aux ?tudiants.;0;annonce;annonces;annoncez;annoncent;;;;;;;;;;;;;;;;;;;;;;;;;;;;;;;;;;;;;;;;;;;;;;;;;;;;;;;
;Choisissez la bonne r?ponse: (esp?rer) J' � que je serai un bon sp?cialist.;0;esp?re;esp?res;esp?rons;esp?rez;;;;;;;;;;;;;;;;;;;;;;;;;;;;;;;;;;;;;;;;;;;;;;;;;;;;;;;
;;;;;;;;;;;;;;;;;;;;;;;;;;;;;;;;;;;;;;;;;;;;;;;;;;;;;;;;;;;;;
;Xorijiy til  (fransuz tili)dan quyidagi guruhlar uchun yakiniy nazorat testi:;;;;;;;;;;;;;;;;;;;;;;;;;;;;;;;;;;;;;;;;;;;;;;;;;;;;;;;;;;;;
;BBI-80;;;;;;;;;;;;;;;;;;;;;;;;;;;;;;;;;;;;;;;;;;;;;;;;;;;;;;;;;;;;
;MMT-80/85/87/35/;;;;;;;;;;;;;;;;;;;;;;;;;;;;;;;;;;;;;;;;;;;;;;;;;;;;;;;;;;;;
;BIA 80/81;;;;;;;;;;;;;;;;;;;;;;;;;;;;;;;;;;;;;;;;;;;;;;;;;;;;;;;;;;;;
;XBA-80/83/31;;;;;;;;;;;;;;;;;;;;;;;;;;;;;;;;;;;;;;;;;;;;;;;;;;;;;;;;;;;;
;BNG'-80;;;;;;;;;;;;;;;;;;;;;;;;;;;;;;;;;;;;;;;;;;;;;;;;;;;;;;;;;;;;
;IBI-80;;;;;;;;;;;;;;;;;;;;;;;;;;;;;;;;;;;;;;;;;;;;;;;;;;;;;;;;;;;;
;CC-80/81;;;;;;;;;;;;;;;;;;;;;;;;;;;;;;;;;;;;;;;;;;;;;;;;;;;;;;;;;;;;
;ST-80;;;;;;;;;;;;;;;;;;;;;;;;;;;;;;;;;;;;;;;;;;;;;;;;;;;;;;;;;;;;
;IX-80;;;;;;;;;;;;;;;;;;;;;;;;;;;;;;;;;;;;;;;;;;;;;;;;;;;;;;;;;;;;
;TUZUVCHI: AXMEDOV XUSAN AZIMJON o`g`li;;;;;;;;;;;;;;;;;;;;;;;;;;;;;;;;;;;;;;;;;;;;;;;;;;;;;;;;;;;;
